{"train_loss": 0.18038290739059448, "val_loss": 0.18731477168890145, "dice": {"max": 0.3274175822734833}, "iou": 0.18130578100681305, "95hd": 20.18451499938965, "accuracy": 0.9970290660858154, "precision": 0.3115709722042084, "sensitivity": {"max": 0.48766809701919556}, "specificity": 0.9984675645828247, "f1_score": 0.31781744956970215, "lr": 0.0, "examples": {"_type": "image-file", "sha256": "0c590b74c2ff856501ac6320f8f385dc5f3a498437894d4e4deb5de4fa8c8796", "size": 214063, "path": "media/images/examples_99_0c590b74c2ff856501ac.png", "format": "png", "width": 900, "height": 900}, "_timestamp": 1722291689.9159486, "_runtime": 8247.47200870514, "_step": 100, "avg_inference_time": 0.006900010999997903, "avg_inference_fps": 144.9273051883981, "_wandb": {"runtime": 8245}}